TeamID,TeamName,Sports,BetExp,Name0,Name1,Name2,Name3,Name4,Name5,Name6,Name7,Name8,Name9,Name10
1101,Abilene Christian,Abilene Christian,Abilene Christian,Abilene Chr,abilene chr,abilene christian,abilene-christian,,,,,,,
1102,Air Force,Air Force,Air Force,Air Force,air force,air-force,,,,,,,,
1103,Akron,Akron,Akron,Akron,akron,,,,,,,,,
1104,Alabama,Alabama,Alabama,Alabama,alabama,,,,,,,,,
1105,Alabama A&M,Alabama A&M,Alabama A&M,Alabama A&M,alabama a&m,alabama-am,,,,,,,,
1106,Alabama State,Alabama State,Alabama State,Alabama St,alabama st,alabama st.,alabama state,alabama-st,alabama-state,,,,,
1107,Albany (NY),Albany (NY),Albany,SUNY Albany,albany,albany (ny),albany ny,albany-ny,suny albany,,,,,
1108,Alcorn State,Alcorn State,Alcorn State,Alcorn St,alcorn,alcorn st,alcorn st.,alcorn state,alcorn-state,,,,,
1110,American,American,American University,American Univ,american,american u.,american univ,american university,american-university,,,,,
1111,Appalachian State,Appalachian State,Appalachian State,Appalachian St,appalachian st,appalachian st.,appalachian state,appalachian-st,appalachian-state,,,,,
1112,Arizona,Arizona,Arizona,Arizona,arizona,,,,,,,,,
1113,Arizona State,Arizona State,Arizona State,Arizona St,arizona st,arizona st.,arizona state,arizona-st,arizona-state,,,,,
1114,Little Rock,Little Rock,UALR,Ark Little Rock,ark little rock,arkansas-little rock,arkansas-little-rock,little rock,little-rock,ualr,,,,
1115,Pine Bluff,Arkansas-Pine Bluff,Arkansas-Pine Bluff,Ark Pine Bluff,ark pine bluff,ark-pine-bluff,ark.-pine bluff,arkansas-pine bluff,arkansas-pine-bluff,,,,,
1116,Arkansas,Arkansas,Arkansas,Arkansas,arkansas,,,,,,,,,
1117,Arkansas State,Arkansas State,Arkansas State,Arkansas St,arkansas st,arkansas st.,arkansas state,arkansas-st,arkansas-state,,,,,
1119,Army,Army,Army,Army,army,army west point,army-west-point,,,,,,,
1120,Auburn,Auburn,Auburn,Auburn,auburn,,,,,,,,,
1122,Austin Peay,Austin Peay,Austin Peay,Austin Peay,austin peay,austin-peay,,,,,,,,
1123,Ball State,Ball State,Ball State,Ball St,ball st,ball st.,ball state,ball-st,ball-state,,,,,
1124,Baylor,Baylor,Baylor,Baylor,baylor,,,,,,,,,
1125,Belmont,Belmont,Belmont,Belmont,belmont,,,,,,,,,
1126,Bethune-Cookman,Bethune-Cookman,Bethune-Cookman,Bethune-Cookman,bethune-cookman,,,,,,,,,
1127,Binghamton,Binghamton,Binghamton,Binghamton,binghamton,,,,,,,,,
1129,Boise State,Boise State,Boise State,Boise St,boise st,boise st.,boise state,boise-st,boise-state,,,,,
1130,Boston College,Boston College,Boston College,Boston College,boston college,boston-college,,,,,,,,
1131,Boston University,Boston University,Boston University,Boston Univ,boston,boston u,boston u.,boston univ,boston university,boston-u,boston-university,,,
1132,Bowling Green,Bowling Green State,Bowling Green,Bowling Green,bowling green,bowling green state,bowling-green,bowling-green-state,,,,,,
1133,Bradley,Bradley,Bradley,Bradley,bradley,,,,,,,,,
1135,Brown,Brown,Brown,Brown,brown,,,,,,,,,
1136,Bryant,Bryant,Bryant University,Bryant,bryant,bryant university,,,,,,,,
1137,Bucknell,Bucknell,Bucknell,Bucknell,bucknell,,,,,,,,,
1138,Buffalo,Buffalo,Buffalo,Buffalo,buffalo,,,,,,,,,
1139,Butler,Butler,Butler,Butler,butler,,,,,,,,,
1140,Brigham Young,Brigham Young,Brigham Young,BYU,brigham young,brigham-young,byu,,,,,,,
1141,Central Michigan,Central Michigan,Central Michigan,C Michigan,c michigan,central mich.,central michigan,central-mich,central-michigan,,,,,
1142,Cal Poly,Cal Poly,Cal Poly,Cal Poly,cal poly,cal poly slo,cal-poly,,,,,,,
1143,California,California,California,California,california,university of california,,,,,,,,
1144,Campbell,Campbell,Campbell,Campbell,campbell,,,,,,,,,
1145,Canisius,Canisius,Canisius,Canisius,canisius,,,,,,,,,
1146,Central Arkansas,Central Arkansas,Central Arkansas,Cent Arkansas,cent arkansas,central ark.,central arkansas,central-ark,central-arkansas,,,,,
1147,Centenary,Centenary (LA),,Centenary,centenary,centenary (la),centenary-la,,,,,,,
1148,Central Connecticut,Central Connecticut State,Central Connecticut State,Central Conn,central conn,central conn. st.,central connecticut,central connecticut state,central-conn-st,central-connecticut-state,,,,
1149,Charleston Southern,Charleston Southern,Charleston Southern,Charleston So,charleston so,charleston so.,charleston southern,charleston-so,charleston-southern,,,,,
1150,Charlotte,Charlotte,Charlotte,Charlotte,charlotte,nc charlotte,north-carolina-charlotte,,,,,,,
1151,Chattanooga,Chattanooga,Chattanooga Mocs,Chattanooga,chattanooga,tennessee-chattanooga,,,,,,,,
1152,Chicago State,Chicago State,Chicago State,Chicago St,chicago st,chicago st.,chicago state,chicago-st,chicago-state,,,,,
1153,Cincinnati,Cincinnati,Cincinnati,Cincinnati,cincinnati,,,,,,,,,
1154,Citadel,The Citadel,Citadel,Citadel,citadel,the citadel,the-citadel,,,,,,,
1155,Clemson,Clemson,Clemson,Clemson,clemson,,,,,,,,,
1156,Cleveland State,Cleveland State,Cleveland State,Cleveland St,cleveland st,cleveland st.,cleveland state,cleveland-st,cleveland-state,,,,,
1157,Coastal Carolina,Coastal Carolina,Coastal Carolina,Coastal Car,coastal car,coastal caro.,coastal carolina,coastal-caro,coastal-carolina,,,,,
1158,College of Charleston,College of Charleston,Charleston,Col Charleston,charleston,col charleston,col-of-charleston,col. of charleston,college of charlesto,college of charleston,college-of-charleston,,,
1159,Colgate,Colgate,Colgate,Colgate,colgate,,,,,,,,,
1160,Colorado,Colorado,Colorado,Colorado,colorado,,,,,,,,,
1161,Colorado State,Colorado State,Colorado State,Colorado St,colorado st,colorado st.,colorado state,colorado-st,colorado-state,,,,,
1162,Columbia,Columbia,Columbia,Columbia,columbia,,,,,,,,,
1163,Connecticut,Connecticut,UConn,Connecticut,connecticut,uconn,,,,,,,,
1164,Coppin State,Coppin State,Coppin State,Coppin St,coppin st,coppin st.,coppin state,coppin-st,coppin-state,,,,,
1165,Cornell,Cornell,Cornell,Cornell,cornell,,,,,,,,,
1166,Creighton,Creighton,Creighton,Creighton,creighton,,,,,,,,,
1167,Cal State Bakersfield,Cal State Bakersfield,CSU Bakersfield,CS Bakersfield,bakersfield,cal state bakersfield,cal-state-bakersfield,cal. state - bakersfield,cs bakersfield,csu bakersfield,csu-bakersfield,,,
1168,Cal State Fullerton,Cal State Fullerton,CS Fullerton,CS Fullerton,cal st. fullerton,cal state fullerton,cal state-fullerton,cal-st-fullerton,cal-state-fullerton,cs fullerton,,,,
1169,Cal State Northridge,Cal State Northridge,CS Northridge,CS Northridge,cal st. northridge,cal state northridge,cal-state-northridge,cs northridge,csu northridge,csun,,,,
1170,Sacramento State,Sacramento State,Sacramento State,CS Sacramento,cs sacramento,sacramento st.,sacramento state,sacramento-st,sacramento-state,,,,,
1171,Dartmouth,Dartmouth,Dartmouth,Dartmouth,dartmouth,,,,,,,,,
1172,Davidson,Davidson,Davidson,Davidson,davidson,,,,,,,,,
1173,Dayton,Dayton,Dayton,Dayton,dayton,,,,,,,,,
1174,Delaware,Delaware,Delaware,Delaware,delaware,,,,,,,,,
1175,Delaware State,Delaware State,Delaware State,Delaware St,delaware st,delaware st.,delaware state,delaware-st,delaware-state,,,,,
1176,Denver,Denver,Denver,Denver,denver,,,,,,,,,
1177,DePaul,DePaul,DePaul,DePaul,depaul,,,,,,,,,
1178,Detroit Mercy,Detroit Mercy,Detroit,Detroit,detroit,detroit mercy,detroit-mercy,,,,,,,
1179,Drake,Drake,Drake,Drake,drake,,,,,,,,,
1180,Drexel,Drexel,Drexel,Drexel,drexel,,,,,,,,,
1181,Duke,Duke,Duke,Duke,duke,,,,,,,,,
1182,Duquesne,Duquesne,Duquesne,Duquesne,duquesne,,,,,,,,,
1183,Eastern Illinois,Eastern Illinois,Eastern Illinois,E Illinois,e illinois,eastern ill.,eastern illinois,eastern-ill,eastern-illinois,,,,,
1184,Eastern Kentucky,Eastern Kentucky,Eastern Kentucky,E Kentucky,e kentucky,eastern kentucky,eastern ky.,eastern-kentucky,eastern-ky,,,,,
1185,Eastern Michigan,Eastern Michigan,Eastern Michigan,E Michigan,e michigan,eastern mich.,eastern michigan,eastern-mich,eastern-michigan,,,,,
1186,Eastern Washington,Eastern Washington,East. Washington,E Washington,e washington,eastern wash.,eastern washington,eastern-wash,eastern-washington,,,,,
1187,East Carolina,East Carolina,East Carolina,East Carolina,east carolina,east-carolina,,,,,,,,
1188,SIU Edwardsville,SIU Edwardsville,Siu Edwardsville,SIUE,edwardsville,siu - edwardsville,siu edwardsville,siu-edwardsville,siue,southern illinois-edwardsville,southern-illinois-edwardsville,,,
1189,Elon,Elon,Elon,Elon,elon,elon university,,,,,,,,
1190,East Tennessee State,East Tennessee State,East Tennessee St,ETSU,east tenn. st.,east tennessee st.,east tennessee state,east-tennessee-state,etsu,,,,,
1191,Evansville,Evansville,Evansville,Evansville,evansville,,,,,,,,,
1192,Fairleigh Dickinson,Fairleigh Dickinson,Fairleigh Dickinson,F Dickinson,f dickinson,fairleigh dickinson,fairleigh-dickinson,,,,,,,
1193,Fairfield,Fairfield,Fairfield,Fairfield,fairfield,,,,,,,,,
1194,Florida Atlantic,Florida Atlantic,Florida Atlantic,FL Atlantic,fl atlantic,fla-atlantic,fla. atlantic,florida atlantic,florida-atlantic,,,,,
1195,Florida Gulf Coast,Florida Gulf Coast,Florida Gulf Coast,FL Gulf Coast,fgcu,fl gulf coast,florida gulf coast,florida-gulf-coast,,,,,,
1196,Florida,Florida,Florida,Florida,florida,,,,,,,,,
1197,Florida A&M,Florida A&M,Florida A&M,Florida A&M,florida a&m,florida-am,,,,,,,,
1198,Florida International,Florida International,Florida International,Florida Intl,fiu,florida internationa,florida international,florida intl,florida-international,,,,,
1199,Florida State,Florida State,Florida State,Florida St,florida st,florida st.,florida state,florida-st,florida-state,,,,,
1200,Fordham,Fordham,Fordham,Fordham,fordham,,,,,,,,,
1201,Fresno State,Fresno State,Fresno State,Fresno St,fresno st,fresno st.,fresno state,fresno-st,fresno-state,,,,,
1202,Furman,Furman,Furman,Furman,furman,,,,,,,,,
1203,George Washington,George Washington,George Washington,G Washington,g washington,george washington,george-washington,,,,,,,
1204,Georgia Southern,Georgia Southern,Georgia Southern,Ga Southern,ga southern,ga-southern,ga. southern,georgia southern,georgia-southern,,,,,
1205,Gardner-Webb,Gardner-Webb,Gardner Webb,Gardner Webb,gardner webb,gardner-webb,,,,,,,,
1206,George Mason,George Mason,George Mason,George Mason,george mason,george-mason,,,,,,,,
1207,Georgetown,Georgetown,Georgetown,Georgetown,georgetown,,,,,,,,,
1208,Georgia,Georgia,Georgia,Georgia,georgia,,,,,,,,,
1209,Georgia State,Georgia State,Georgia State,Georgia St,georgia st,georgia st.,georgia state,georgia-st,georgia-state,,,,,
1210,Georgia Tech,Georgia Tech,Georgia Tech,Georgia Tech,georgia tech,georgia-tech,,,,,,,,
1211,Gonzaga,Gonzaga,Gonzaga,Gonzaga,gonzaga,,,,,,,,,
1212,Grambling,Grambling,Grambling St.,Grambling,grambling,grambling st.,grambling state,grambling-state,,,,,,
1213,Grand Canyon,Grand Canyon,Grand Canyon,Grand Canyon,grand canyon,grand-canyon,,,,,,,,
1214,Hampton,Hampton,Hampton,Hampton,hampton,,,,,,,,,
1216,Hartford,Hartford,Hartford,Hartford,hartford,,,,,,,,,
1217,Harvard,Harvard,Harvard,Harvard,harvard,,,,,,,,,
1218,Hawaii,Hawaii,Hawaii,Hawaii,hawai'i,hawaii,,,,,,,,
1219,High Point,High Point,High Point,High Point,high point,high-point,,,,,,,,
1220,Hofstra,Hofstra,Hofstra,Hofstra,hofstra,,,,,,,,,
1221,Holy Cross,Holy Cross,Holy Cross,Holy Cross,holy cross,holy-cross,,,,,,,,
1222,Houston,Houston,Houston,Houston,houston,,,,,,,,,
1223,Houston Christian,Houston Christian,Houston Christian,Houston Chr,houston bap,houston baptist,houston chr,houston-baptist,,,,,,
1224,Howard,Howard,Howard,Howard,howard,,,,,,,,,
1225,Idaho,Idaho,Idaho,Idaho,idaho,,,,,,,,,
1226,Idaho State,Idaho State,Idaho State,Idaho St,idaho st,idaho st.,idaho state,idaho-st,idaho-state,,,,,
1227,Illinois-Chicago,Illinois-Chicago,Illinois (Chi.),IL Chicago,il chicago,ill-chicago,ill.-chicago,illinois-chicago,uic,,,,,
1228,Illinois,Illinois,Illinois,Illinois,illinois,,,,,,,,,
1229,Illinois State,Illinois State,Illinois State,Illinois St,illinois st,illinois st.,illinois state,illinois-st,illinois-state,,,,,
1230,Incarnate Word,Incarnate Word,Incarnate Word,Incarnate Word,incarnate word,incarnate-word,,,,,,,,
1231,Indiana,Indiana,Indiana,Indiana,indiana,,,,,,,,,
1232,Indiana State,Indiana State,Indiana State,Indiana St,indiana st,indiana st.,indiana state,indiana-st,indiana-state,,,,,
1233,Iona,Iona,Iona,Iona,iona,,,,,,,,,
1234,Iowa,Iowa,Iowa,Iowa,iowa,,,,,,,,,
1235,Iowa State,Iowa State,Iowa State,Iowa St,iowa st,iowa st.,iowa state,iowa-st,iowa-state,,,,,
1236,Purdue-Fort Wayne,Purdue-Fort Wayne,IPFW,PFW,fort wayne,fort wayne(ipfw),fort-wayne,ipfw,iupu - ft. wayne,iupu-fort wayne,iupu-fort-wayne,pfw,purdue fort wayne,
1237,IUPUI,IUPUI,IUPUI,IUPUI,indiana - purdue,iupui,,,,,,,,
1238,Jackson State,Jackson State,Jackson State,Jackson St,jackson st,jackson st.,jackson state,jackson-st,jackson-state,,,,,
1239,Jacksonville,Jacksonville,Jacksonville,Jacksonville,jacksonville,,,,,,,,,
1240,Jacksonville State,Jacksonville State,Jacksonville State,Jacksonville St,jacksonville st,jacksonville st.,jacksonville state,jacksonville-st,jacksonville-state,,,,,
1241,James Madison,James Madison,James Madison,James Madison,james madison,james-madison,,,,,,,,
1242,Kansas,Kansas,Kansas,Kansas,kansas,,,,,,,,,
1243,Kansas State,Kansas State,Kansas State,Kansas St,kansas st,kansas st.,kansas state,kansas-st,kansas-state,,,,,
1244,Kennesaw State,Kennesaw State,Kennesaw State,Kennesaw,kennesaw,kennesaw st.,kennesaw state,kennesaw-st,kennesaw-state,,,,,
1245,Kent State,Kent State,Kent State,Kent,kent,kent st.,kent state,kent-st,kent-state,,,,,
1246,Kentucky,Kentucky,Kentucky,Kentucky,kentucky,,,,,,,,,
1247,La Salle,La Salle,La Salle,La Salle,la salle,la-salle,,,,,,,,
1248,Lafayette,Lafayette,Lafayette,Lafayette,lafayette,,,,,,,,,
1249,Lamar,Lamar,Lamar,Lamar,lamar,lamar university,lamar-university,,,,,,,
1250,Lehigh,Lehigh,Lehigh,Lehigh,lehigh,,,,,,,,,
1251,Liberty,Liberty,Liberty,Liberty,liberty,,,,,,,,,
1252,Lipscomb,Lipscomb,Lipscomb,Lipscomb,lipscomb,,,,,,,,,
1253,Long Beach State,Long Beach State,Long Beach State,Long Beach St,long beach st,long beach st.,long beach state,long-beach-st,long-beach-state,longbeach state,,,,
1254,Long Island University,Long Island University,LIU Sharks,LIU Brooklyn,liu brooklyn,liu-brooklyn,long island,long island university,long-island,long-island-university,,,,
1255,Longwood,Longwood,Longwood,Longwood,longwood,,,,,,,,,
1256,Louisiana Tech,Louisiana Tech,Louisiana Tech,Louisiana Tech,louisiana tech,louisiana-tech,,,,,,,,
1257,Louisville,Louisville,Louisville,Louisville,louisville,,,,,,,,,
1258,Loyola Marymount,Loyola Marymount,Loyola Marymount,Loy Marymount,loy marymount,loyola marymount,loyola-marymount,,,,,,,
1259,Loyola MD,Loyola (MD),Loyola Maryland,Loyola MD,loyola (md),loyola maryland,loyola md,loyola-maryland,loyola-md,,,,,
1260,Loyola IL,Loyola (IL),Loyola Chicago,Loyola-Chicago,loyola (il),loyola chicago,loyola-c,loyola-chicago,loyola-il,,,,,
1261,Louisiana State,Louisiana State,LSU,LSU,louisiana state,louisiana-state,lsu,,,,,,,
1262,MA-Lowell,Massachusetts-Lowell,UMass Lowell,MA Lowell,ma lowell,massachusetts lowell,massachusetts-lowell,umass lowell,umass-lowell,,,,,
1263,Maine,Maine,Maine Black Bears,Maine,maine,,,,,,,,,
1264,Manhattan,Manhattan,Manhattan,Manhattan,manhattan,,,,,,,,,
1265,Marist,Marist,Marist,Marist,marist,,,,,,,,,
1266,Marquette,Marquette,Marquette,Marquette,marquette,,,,,,,,,
1267,Marshall,Marshall,Marshall,Marshall,marshall,,,,,,,,,
1268,Maryland,Maryland,Maryland,Maryland,maryland,,,,,,,,,
1269,Massachusetts,Massachusetts,UMass,Massachusetts,massachusetts,umass,,,,,,,,
1270,McNeese State,McNeese State,McNeese State,McNeese St,mcneese,mcneese st,mcneese st.,mcneese state,mcneese-state,,,,,
1271,MD-Eastern Shore,Maryland-Eastern Shore,Md.-East. Shore,MD E Shore,maryland - e. shore,maryland-eastern shore,maryland-eastern-shore,md e shore,md. eastern shore,umes,,,,
1272,Memphis,Memphis,Memphis,Memphis,memphis,,,,,,,,,
1273,Mercer,Mercer,Mercer,Mercer,mercer,,,,,,,,,
1274,Miami FL,Miami (FL),Miami (FL),Miami FL,miami (fl),miami (fla.),miami - florida,miami fl,miami-fl,miami-florida,,,,
1275,Miami OH,Miami (OH),Miami (Ohio),Miami OH,miami (oh),miami (ohio),miami oh,miami-oh,miami-ohio,,,,,
1276,Michigan,Michigan,Michigan,Michigan,michigan,,,,,,,,,
1277,Michigan State,Michigan State,Michigan State,Michigan St,michigan st,michigan st.,michigan state,michigan-st,michigan-state,,,,,
1278,Minnesota,Minnesota,Minnesota,Minnesota,minnesota,,,,,,,,,
1279,Mississippi,Mississippi,Ole Miss,Mississippi,mississippi,ole miss,ole-miss,,,,,,,
1280,Mississippi State,Mississippi State,Mississippi St.,Mississippi St,mississippi st,mississippi st.,mississippi state,mississippi-st,mississippi-state,,,,,
1281,Missouri,Missouri,Missouri,Missouri,missouri,,,,,,,,,
1282,Kansas City,Kansas City,UMKC,Missouri KC,missouri kc,missouri-kansas city,missouri-kansas-city,mo kansas city,umkc,,,,,
1283,Missouri State,Missouri State,Missouri State,Missouri St,missouri st,missouri st.,missouri state,missouri-st,missouri-state,southwest missouri state,sw missouri st.,,,
1284,Monmouth,Monmouth,Monmouth,Monmouth NJ,monmouth,monmouth nj,monmouth-nj,,,,,,,
1285,Montana,Montana,Montana,Montana,montana,,,,,,,,,
1286,Montana State,Montana State,Montana State,Montana St,montana st,montana st.,montana state,montana-st,montana-state,,,,,
1287,Morehead State,Morehead State,Morehead State,Morehead St,morehead st,morehead st.,morehead state,morehead-st,morehead-state,,,,,
1288,Morgan State,Morgan State,Morgan State,Morgan St,morgan st,morgan st.,morgan state,morgan-st,morgan-state,,,,,
1290,Mississippi Valley State,Mississippi Valley State,Miss. Valley St.,MS Valley St,miss valley st.,mississippi val.,mississippi valley state,mississippi-val,mississippi-valley-state,ms valley st,ms valley state,mvsu(miss. valley st,,
1291,Mount St Marys,Mount St. Mary's,Mount St. Mary's,Mt St Mary's,mount saint mary`s,mount st. mary's,mount st. marys,mount-st-marys,mt st mary's,mt st. mary's,mt-st-marys,mt. st. mary's,mt. st. mary`s,
1292,Middle Tennessee,Middle Tennessee,Middle Tenn. St.,MTSU,middle tenn st,middle tenn st.,middle tenn.,middle tennessee,middle tennessee st.,middle tennessee state,middle-tenn,middle-tennessee,middle-tennessee-state,mtsu
1293,Murray State,Murray State,Murray State,Murray St,murray st,murray st.,murray state,murray-st,murray-state,,,,,
1294,Northern Colorado,Northern Colorado,Northern Colorado,N Colorado,n colorado,northern colo.,northern colorado,northern-colo,northern-colorado,,,,,
1295,North Dakota State,North Dakota State,North Dakota St,N Dakota St,n dakota st,north dakota st.,north dakota state,north-dakota-st,north-dakota-state,,,,,
1296,Northern Illinois,Northern Illinois,Northern Illinois,N Illinois,n illinois,northern ill.,northern illinois,northern-ill,northern-illinois,,,,,
1297,Northern Kentucky,Northern Kentucky,Northern Kentucky,N Kentucky,n kentucky,northern kentucky,northern ky.,northern-kentucky,northern-ky,,,,,
1298,Navy,Navy,Navy,Navy,navy,,,,,,,,,
1299,North Carolina A&T,North Carolina A&T,N. Carolina A&T,NC A&T,n. carolina a&t,n.c. a&t,nc a&t,nc-at,no.carolina a&t,north carolina a&t,north-carolina-at,,,
1300,North Carolina Central,North Carolina Central,N. Carolina Central,NC Central,n.c. central,nc central,nc-central,north carolina central,north-carolina-central,,,,,
1301,NC State,NC State,NC State,NC State,n.c. state,nc state,nc-state,north carolina st.,north carolina state,north-carolina-st,north-carolina-state,,,
1303,Omaha,Omaha,Nebraska O.,NE Omaha,ne omaha,nebraska omaha,nebraska-omaha,omaha,,,,,,
1304,Nebraska,Nebraska,Nebraska,Nebraska,nebraska,,,,,,,,,
1305,Nevada,Nevada,Nevada,Nevada,nevada,,,,,,,,,
1306,New Hampshire,New Hampshire,New Hampshire,New Hampshire,new hampshire,new-hampshire,,,,,,,,
1307,New Mexico,New Mexico,New Mexico,New Mexico,new mexico,new-mexico,,,,,,,,
1308,New Mexico State,New Mexico State,New Mexico State,New Mexico St,new mexico st,new mexico st.,new mexico state,new-mexico-st,new-mexico-state,,,,,
1309,New Orleans,New Orleans,New Orleans,New Orleans,new orleans,new-orleans,neworleans,,,,,,,
1310,Niagara,Niagara,Niagara,Niagara,niagara,,,,,,,,,
1311,Nicholls State,Nicholls State,Nicholls State,Nicholls St,nicholls,nicholls st,nicholls st.,nicholls state,nicholls-st,nicholls-state,,,,
1312,NJIT,NJIT,NJIT,NJIT,n.j.i.t.,new jersey tech,new-jersey-tech,njit,,,,,,
1313,Norfolk State,Norfolk State,Norfolk State,Norfolk St,norfolk st,norfolk st.,norfolk state,norfolk-st,norfolk-state,,,,,
1314,North Carolina,North Carolina,North Carolina,North Carolina,north carolina,north-carolina,unc,,,,,,,
1315,North Dakota,North Dakota,North Dakota,North Dakota,north dakota,north-dakota,,,,,,,,
1316,North Florida,North Florida,North Florida,North Florida,north florida,north-florida,,,,,,,,
1317,North Texas,North Texas,North Texas,North Texas,north texas,north-texas,,,,,,,,
1318,Northeastern,Northeastern,Northeastern,Northeastern,northeastern,,,,,,,,,
1319,Northern Arizona,Northern Arizona,Northern Arizona,Northern Arizona,northern ariz.,northern arizona,northern-ariz,northern-arizona,,,,,,
1320,Northern Iowa,Northern Iowa,Northern Iowa,Northern Iowa,northern iowa,northern-iowa,uni,,,,,,,
1321,Northwestern,Northwestern,Northwestern,Northwestern,northwestern,,,,,,,,,
1322,Northwestern State,Northwestern State,Northwestern St.,Northwestern LA,northwestern la,northwestern st.,northwestern state,northwestern-st,northwestern-state,,,,,
1323,Notre Dame,Notre Dame,Notre Dame,Notre Dame,notre dame,notre-dame,,,,,,,,
1324,Oakland,Oakland,Oakland,Oakland,oakland,,,,,,,,,
1325,Ohio,Ohio,Ohio,Ohio,ohio,,,,,,,,,
1326,Ohio State,Ohio State,Ohio State,Ohio St,ohio st,ohio st.,ohio state,ohio-st,ohio-state,,,,,
1328,Oklahoma,Oklahoma,Oklahoma,Oklahoma,oklahoma,,,,,,,,,
1329,Oklahoma State,Oklahoma State,Oklahoma State,Oklahoma St,oklahoma st,oklahoma st.,oklahoma state,oklahoma-st,oklahoma-state,,,,,
1330,Old Dominion,Old Dominion,Old Dominion,Old Dominion,old dominion,old-dominion,,,,,,,,
1331,Oral Roberts,Oral Roberts,Oral Roberts,Oral Roberts,oral roberts,oral-roberts,,,,,,,,
1332,Oregon,Oregon,Oregon,Oregon,oregon,,,,,,,,,
1333,Oregon State,Oregon State,Oregon State,Oregon St,oregon st,oregon st.,oregon state,oregon-st,oregon-state,,,,,
1334,Pacific,Pacific,Pacific,Pacific,pacific,,,,,,,,,
1335,Penn,Pennsylvania,Penn,Penn,penn,pennsylvania,,,,,,,,
1336,Penn State,Penn State,Penn State,Penn St,penn st,penn st.,penn state,penn-st,penn-state,,,,,
1337,Pepperdine,Pepperdine,Pepperdine,Pepperdine,pepperdine,,,,,,,,,
1338,Pittsburgh,Pittsburgh,Pittsburgh,Pittsburgh,pitt,pittsburgh,,,,,,,,
1339,Portland,Portland,Portland,Portland,portland,,,,,,,,,
1340,Portland State,Portland State,Portland State,Portland St,portland st,portland st.,portland state,portland-st,portland-state,,,,,
1341,Prairie View,Prairie View,Prairie View A&M,Prairie View,prairie view,prairie view a&m,prairie-view,prairie-view-am,,,,,,
1342,Presbyterian,Presbyterian,Presbyterian,Presbyterian,presbyterian,,,,,,,,,
1343,Princeton,Princeton,Princeton,Princeton,princeton,,,,,,,,,
1344,Providence,Providence,Providence,Providence,providence,,,,,,,,,
1345,Purdue,Purdue,Purdue,Purdue,purdue,,,,,,,,,
1346,Quinnipiac,Quinnipiac,Quinnipiac,Quinnipiac,quinnipiac,,,,,,,,,
1347,Radford,Radford,Radford,Radford,radford,,,,,,,,,
1348,Rhode Island,Rhode Island,Rhode Island,Rhode Island,rhode island,rhode-island,,,,,,,,
1349,Rice,Rice,Rice,Rice,rice,,,,,,,,,
1350,Richmond,Richmond,Richmond,Richmond,richmond,,,,,,,,,
1351,Rider,Rider,Rider,Rider,rider,,,,,,,,,
1352,Robert Morris,Robert Morris,Robert Morris,Robert Morris,robert morris,robert-morris,,,,,,,,
1353,Rutgers,Rutgers,Rutgers,Rutgers,rutgers,,,,,,,,,
1354,South Carolina State,South Carolina State,South Carolina St,S Carolina St,s carolina st,s carolina state,sc state,south carolina st.,south carolina state,south-carolina-st,south-carolina-state,,,
1355,South Dakota State,South Dakota State,South Dakota St.,S Dakota St,s dakota st,south dakota st.,south dakota state,south-dakota-st,south-dakota-state,,,,,
1356,Southern Illinois,Southern Illinois,Southern Illinois,S Illinois,s illinois,southern ill.,southern illinois,southern-ill,southern-illinois,,,,,
1357,Sacred Heart,Sacred Heart,Sacred Heart,Sacred Heart,sacred heart,sacred-heart,,,,,,,,
1358,Sam Houston State,Sam Houston State,Sam Houston St.,Sam Houston St,sam houston,sam houston st,sam houston st.,sam houston state,sam-houston-st,sam-houston-state,,,,
1359,Samford,Samford,Samford,Samford,samford,,,,,,,,,
1360,San Diego,San Diego,San Diego Toreros,San Diego,san diego,san-diego,,,,,,,,
1361,San Diego State,San Diego State,San Diego State,San Diego St,san diego st,san diego st.,san diego state,san-diego-st,san-diego-state,sd state,,,,
1362,San Francisco,San Francisco,San Francisco,San Francisco,san francisco,san-francisco,,,,,,,,
1363,San Jose State,San Jose State,San Jose State,San Jose St,san jose st,san jose st.,san jose state,san-jose-st,san-jose-state,,,,,
1364,Santa Barbara,UC Santa Barbara,UC Santa Barbara,UC Santa Barbara,california-santa barbara,california-santa-barbara,santa barbara,uc santa barb.,uc santa barbara,uc-santa barbara,uc-santa-barbara,ucsb,,
1365,Santa Clara,Santa Clara,Santa Clara,Santa Clara,santa clara,santa-clara,,,,,,,,
1366,Savannah State,Savannah State,,Savannah St,savannah st,savannah st.,savannah state,savannah-st,savannah-state,,,,,
1367,South Carolina Upstate,South Carolina Upstate,USC Upstate,SC Upstate,sc upstate,south carolina upstat,south carolina upstate,south-carolina-upstate,usc upstate,usc-upstate,,,,
1368,Southeastern Louisiana,Southeastern Louisiana,SE Louisiana,SE Louisiana,se louisiana,southeastern la.,southeastern louisiana,southeastern-la,southeastern-louisiana,,,,,
1369,Southeast Missouri State,Southeast Missouri State,Southeast Missouri State,SE Missouri St,se missouri st,se missouri st.,se missouri st.(se,se missouri state,southeast missouri state,southeast mo. st.,southeast-missouri-state,southeast-mo-st,,
1370,Seattle,Seattle,Seattle,Seattle,seattle,seattle u,seattle-u,,,,,,,
1371,Seton Hall,Seton Hall,Seton Hall,Seton Hall,seton hall,seton-hall,,,,,,,,
1372,Stephen F Austin,Stephen F. Austin,Stephen F. Austin,SF Austin,sf austin,sfa,stephen f. austin,stephen-f-austin,,,,,,
1373,Siena,Siena,Siena,Siena,siena,,,,,,,,,
1374,Southern Methodist,Southern Methodist,SMU Mustangs,SMU,smu,southern methodist,southern-methodist,,,,,,,
1375,South Alabama,South Alabama,South Alabama,South Alabama,south ala.,south alabama,south-ala,south-alabama,,,,,,
1376,South Carolina,South Carolina,South Carolina,South Carolina,south carolina,south-carolina,,,,,,,,
1377,South Dakota,South Dakota,South Dakota Coyotes,South Dakota,south dakota,south-dakota,,,,,,,,
1378,South Florida,South Florida,South Florida,South Florida,south fla.,south florida,south-fla,south-florida,,,,,,
1379,Southern Mississippi,Southern Mississippi,Southern Miss,Southern Miss,southern miss,southern miss.,southern mississippi,southern-miss,southern-mississippi,,,,,
1380,Southern,Southern,Southern Univ.,Southern Univ,southern,southern u,southern u.,southern un,southern univ,southern-u,southern-university,,,
1381,Southern Utah,Southern Utah,Southern Utah,Southern Utah,southern utah,southern-utah,,,,,,,,
1382,St Bonaventure,St. Bonaventure,St. Bonaventure,St Bonaventure,saint bonaventure,st bonaventure,st-bonaventure,st. bonaventure,,,,,,
1383,St Francis NY,St. Francis (NY),St. Francis Brooklyn,St Francis NY,saint francis (ny),st francis (ny),st francis ny,st-francis-brooklyn,st-francis-ny,st. francis (bkn),st. francis (ny),st. francis brooklyn,st. francis-ny,
1384,St Francis PA,Saint Francis (PA),St. Francis (PA),St Francis PA,saint francis (pa),saint-francis-pa,st francis (pa),st francis pa,st-francis-pa,st. francis (pa),,,,
1385,St Johns NY,St. John's (NY),St. John's (N.Y.),St John's,saint john`s,st john's,st john's (ny),st-johns,st-johns-ny,st. john's,st. john's (ny),st. john`s (ny),st. johns,
1386,St Josephs,Saint Joseph's,Saint Josephs,St Joseph's PA,saint joseph's,saint joseph`s,saint josephs,saint-josephs,sju (pa),st joseph's,st joseph's pa,st-josephs-pa,st. joseph's,st. joseph's pa
1387,Saint Louis,Saint Louis,St. Louis,St Louis,saint louis,saint-louis,saintlouis,st louis,,,,,,
1388,St Marys CA,Saint Mary's (CA),St. Marys (CA),St Mary's CA,saint mary's,saint mary's (ca),saint mary`s,saint-marys,saint-marys-ca,st mary's (ca),st mary's ca,st-marys-ca,st. mary's,st. mary`s (ca)
1389,St Peters,Saint Peter's,St. Peters,St Peter's,saint peter's,saint peter`s,saint peters,saint-peters,st peter's,st-peters,st. peter's,,,
1390,Stanford,Stanford,Stanford,Stanford,stanford,,,,,,,,,
1391,Stetson,Stetson,Stetson,Stetson,stetson,,,,,,,,,
1392,Stony Brook,Stony Brook,Stony Brook,Stony Brook,stony brook,stony-brook,,,,,,,,
1393,Syracuse,Syracuse,Syracuse,Syracuse,syracuse,,,,,,,,,
1394,TAM Corpus Christi,Texas A&M-Corpus Christi,Texas A&M-CC,TAM C. Christi,a&m-corpus chris,a&m-corpus christi,am-corpus-chris,tam c,tam c. christi,texas a&m cc,texas a&m corpus,texas a&m-cc,texas a&m-corpus christi,texas-am-corpus-christi
1395,TCU,TCU,TCU,TCU,tcu,texas christian,texas-christian,,,,,,,
1396,Temple,Temple,Temple,Temple,temple,,,,,,,,,
1397,Tennessee,Tennessee,Tennessee,Tennessee,tennessee,,,,,,,,,
1398,Tennessee State,Tennessee State,Tennessee State,Tennessee St,tennessee st,tennessee st.,tennessee state,tennessee-st,tennessee-state,,,,,
1399,Tennessee Tech,Tennessee Tech,Tennessee Tech,Tennessee Tech,tennessee tech,tennessee-tech,,,,,,,,
1400,Texas,Texas,Texas,Texas,texas,,,,,,,,,
1401,Texas A&M,Texas A&M,Texas A&M,Texas A&M,texas a&m,texas-am,texasa&m,,,,,,,
1402,Texas State,Texas State,Texas State,Texas St,texas st,texas st.,texas state,texas-st,texas-state,,,,,
1403,Texas Tech,Texas Tech,Texas Tech,Texas Tech,texas tech,texas-tech,,,,,,,,
1404,Tennessee-Martin,Tennessee-Martin,UT Martin,TN Martin,tenn-martin,tennessee-martin,tn martin,ut martin,ut-martin,,,,,
1405,Toledo,Toledo,Toledo,Toledo,toledo,,,,,,,,,
1406,Towson,Towson,Towson,Towson,towson,,,,,,,,,
1407,Troy,Troy,Troy,Troy,troy,troy st.,,,,,,,,
1408,Tulane,Tulane,Tulane,Tulane,tulane,,,,,,,,,
1409,Tulsa,Tulsa,Tulsa,Tulsa,tulsa,,,,,,,,,
1410,Texas-Rio Grande Valley,Texas-Rio Grande Valley,UTRGV,UTRGV,tex.-pan american,texas rio grande valley,texas-pan american,texas-pan-american,texas-rio grande valley,tx pan american,utrgv,,,
1411,Texas Southern,Texas Southern,Texas Southern,TX Southern,texas southern,texas-southern,tx southern,,,,,,,
1412,UAB,UAB,UAB,UAB,alabama-birmingham,uab,,,,,,,,
1413,UC Davis,UC Davis,UC Davis,UC Davis,california-davis,uc davis,uc-davis,,,,,,,
1414,UC Irvine,UC Irvine,UC Irvine,UC Irvine,california-irvine,uc irvine,uc-irvine,,,,,,,
1415,UC Riverside,UC Riverside,UC Riverside,UC Riverside,cal riverside,california-riverside,uc riverside,uc-riverside,,,,,,
1416,Central Florida,Central Florida,UCF Knights,UCF,central florida,central florida(ucf),central-florida,ucf,,,,,,
1417,UCLA,UCLA,UCLA,UCLA,ucla,,,,,,,,,
1418,Louisiana,Louisiana,Louisiana Lafayette,Louisiana,la.-lafayette,louisiana,louisiana-lafayette,ull,,,,,,
1419,Louisiana-Monroe,Louisiana-Monroe,Louisiana Monroe,ULM,la-monroe,la.-monroe,louisiana-monroe,ulm,,,,,,
1420,UMBC,Maryland-Baltimore County,UMBC Retrievers,UMBC,maryland-baltimore county,maryland-baltimore-county,md baltimore co,md baltimore cty,umbc,,,,,
1421,NC Asheville,UNC Asheville,UNC Asheville,UNC Asheville,n.c. asheville,nc asheville,north carolina-asheville,north-carolina-asheville,unc asheville,unc-asheville,,,,
1422,NC Greensboro,UNC Greensboro,NC Greensboro,UNC Greensboro,nc greensboro,nc-greensboro,north carolina-greensboro,north-carolina-greensboro,unc greensboro,uncg,,,,
1423,NC Wilmington,UNC Wilmington,NC Wilmington,UNC Wilmington,nc wilmington,nc-wilmington,north carolina-wilmington,north-carolina-wilmington,unc wilmington,uncw,,,,
1424,UNLV,Nevada-Las Vegas,UNLV,UNLV,nevada-las vegas,nevada-las-vegas,unlv,,,,,,,
1425,Southern California,Southern California,USC,USC,southern california,southern-california,usc,,,,,,,
1426,UT Arlington,UT Arlington,UT Arlington,UT Arlington,texas arlington,texas-arlington,ut arlington,ut-arlington,,,,,,
1427,UTSA,UTSA,UTSA Roadrunners,UT San Antonio,texas san antonio,texas-san antonio,texas-san antonio(ut,texas-san-antonio,ut san antonio,utsa,,,,
1428,Utah,Utah,Utah Utes,Utah,utah,,,,,,,,,
1429,Utah State,Utah State,Utah State,Utah St,utah st,utah st.,utah state,utah-st,utah-state,,,,,
1430,Utah Valley,Utah Valley,Utah Valley State,Utah Valley,utah valley,utah valley st.,utah-valley,utah-valley-state,,,,,,
1431,UTEP,UTEP,UTEP,UTEP,texas-el paso,texas-el-paso,utep,,,,,,,
1433,Virginia Commonwealth,Virginia Commonwealth,VCU Rams,VCU,va commonwealth,vcu,vcu(va. commonwealth,virginia commonwealth,virginia-commonwealth,,,,,
1434,Valparaiso,Valparaiso,Valparaiso,Valparaiso,valparaiso,,,,,,,,,
1435,Vanderbilt,Vanderbilt,Vanderbilt,Vanderbilt,vanderbilt,,,,,,,,,
1436,Vermont,Vermont,Vermont,Vermont,vermont,,,,,,,,,
1437,Villanova,Villanova,Villanova,Villanova,villanova,,,,,,,,,
1438,Virginia,Virginia,Virginia,Virginia,virginia,,,,,,,,,
1439,Virginia Tech,Virginia Tech,Virginia Tech,Virginia Tech,virginia tech,virginia-tech,,,,,,,,
1440,VMI,VMI,VMI,VMI,virginia military,virginia military institute,virginia-military-institute,vmi,,,,,,
1441,Western Carolina,Western Carolina,Western Carolina,W Carolina,estern carolina,w carolina,western caro.,western carolina,western-caro,western-carolina,,,,
1442,Western Illinois,Western Illinois,Western Illinois,W Illinois,w illinois,western ill.,western illinois,western-ill,western-illinois,,,,,
1443,Western Kentucky,Western Kentucky,Western Kentucky,WKU,w kentucky,western kentucky,western ky.,western-kentucky,western-ky,wku,,,,
1444,Western Michigan,Western Michigan,Western Michigan,W Michigan,w michigan,western mich.,western michigan,western-mich,western-michigan,,,,,
1447,Wagner,Wagner,Wagner,Wagner,wagner,,,,,,,,,
1448,Wake Forest,Wake Forest,Wake Forest,Wake Forest,wake forest,wake-forest,,,,,,,,
1449,Washington,Washington,Washington,Washington,washington,,,,,,,,,
1450,Washington State,Washington State,Washington State,Washington St,washington st,washington st.,washington state,washington-st,washington-state,,,,,
1451,Weber State,Weber State,Weber State,Weber St,weber st,weber st.,weber state,weber-st,weber-state,,,,,
1452,West Virginia,West Virginia,West Virginia,West Virginia,west virginia,west-virginia,,,,,,,,
1453,WI-Green Bay,Green Bay,Wisc. Green Bay,WI Green Bay,green bay,green-bay,wi green bay,wis.-green bay,wisconsin-green bay,wisconsin-green-bay,,,,
1454,WI-Milwaukee,Milwaukee,Wisc. Milwaukee,WI Milwaukee,milwaukee,wi milwaukee,wis.-milwaukee,wisconsin-milwaukee,,,,,,
1455,Wichita State,Wichita State,Wichita State,Wichita St,wichita st,wichita st.,wichita state,wichita-st,wichita-state,wichitastate,,,,
1456,William & Mary,William & Mary,William & Mary,William & Mary,william & mary,william--mary,william-mary,,,,,,,
1457,Winthrop,Winthrop,Winthrop,Winthrop,winthrop,,,,,,,,,
1458,Wisconsin,Wisconsin,Wisconsin,Wisconsin,wisconsin,,,,,,,,,
1459,Wofford,Wofford,Wofford,Wofford,wofford,,,,,,,,,
1460,Wright State,Wright State,Wright State,Wright St,wright st,wright st.,wright state,wright-st,wright-state,,,,,
1461,Wyoming,Wyoming,Wyoming,Wyoming,wyoming,,,,,,,,,
1462,Xavier,Xavier,Xavier,Xavier,xavier,,,,,,,,,
1463,Yale,Yale,Yale,Yale,yale,,,,,,,,,
1464,Youngstown State,Youngstown State,Youngstown State,Youngstown St,youngstown st,youngstown st.,youngstown state,youngstown-st,youngstown-state,,,,,
1465,California Baptist,California Baptist,California Baptist,Cal Baptist,cal baptist,california baptist,,,,,,,,
1466,North Alabama,North Alabama,North Alabama,North Alabama,north ala.,north alabama,,,,,,,,
1467,Merrimack,Merrimack,Merrimack Warriors,Merrimack,merrimack,,,,,,,,,
1468,Bellarmine,Bellarmine,Bellarmine,Bellarmine,bellarmine,,,,,,,,,
1469,Utah Tech,Utah Tech,Utah Tech,Utah Tech,dixie st,dixie state,utah tech,,,,,,,
1470,Tarleton State,Tarleton State,Tarleton,Tarleton St,tarleton st,tarleton state,,,,,,,,
1471,UC San Diego,UC San Diego,UC San Diego,UC San Diego,uc san diego,,,,,,,,,
1472,St Thomas,St. Thomas,St. Thomas (Minn.),St Thomas MN,saint thomas (minn.),st thomas mn,,,,,,,,
1473,Lindenwood,Lindenwood,,Lindenwood,lindenwood,,,,,,,,,
1474,Queens NC,Queens (NC),,Queens NC,queens nc,,,,,,,,,
1475,Southern Indiana,Southern Indiana,,Southern Indiana,southern indiana,,,,,,,,,
1476,Stonehill,Stonehill,,Stonehill,stonehill,,,,,,,,,
1477,TAM Commerce,Texas A&M-Commerce,,TX A&M Commerce,tx a&m commerce,,,,,,,,,
